TRAIN,gs://bdccall2022bd/images/000ccf1d00f7f1cd.jpg,Dog
TRAIN,gs://bdccall2022bd/images/004130acea29204f.jpg,Dog
TRAIN,gs://bdccall2022bd/images/004421e64e1be85b.jpg,Dog
TRAIN,gs://bdccall2022bd/images/0050fb46c84869b1.jpg,Dog
TRAIN,gs://bdccall2022bd/images/0071f9565601cb51.jpg,Dog
TRAIN,gs://bdccall2022bd/images/007a4d234b26981c.jpg,Dog
TRAIN,gs://bdccall2022bd/images/00802a215c4359e6.jpg,Dog
TRAIN,gs://bdccall2022bd/images/008ba50da8ca4bd6.jpg,Dog
TRAIN,gs://bdccall2022bd/images/008f6d9128e5aa5f.jpg,Dog
TRAIN,gs://bdccall2022bd/images/00924896424a6180.jpg,Dog
TRAIN,gs://bdccall2022bd/images/00a3bd25941af8a6.jpg,Dog
TRAIN,gs://bdccall2022bd/images/00a8361fbe82a0a7.jpg,Dog
TRAIN,gs://bdccall2022bd/images/00b39653add898a0.jpg,Dog
TRAIN,gs://bdccall2022bd/images/00bd6fef2f8cfd58.jpg,Dog
TRAIN,gs://bdccall2022bd/images/00c2050e8dbad885.jpg,Dog
TRAIN,gs://bdccall2022bd/images/00c6e88291c33874.jpg,Dog
TRAIN,gs://bdccall2022bd/images/00c8cc0ca100783a.jpg,Dog
TRAIN,gs://bdccall2022bd/images/00dc47ab78f74f2d.jpg,Dog
TRAIN,gs://bdccall2022bd/images/00e868abf770f2e5.jpg,Dog
TRAIN,gs://bdccall2022bd/images/012d326f2854f564.jpg,Dog
TRAIN,gs://bdccall2022bd/images/014a106c70423f16.jpg,Dog
TRAIN,gs://bdccall2022bd/images/014e07d4f5ab6c26.jpg,Dog
TRAIN,gs://bdccall2022bd/images/0150ef8e30b2f283.jpg,Dog
TRAIN,gs://bdccall2022bd/images/015503f90beb5a38.jpg,Dog
TRAIN,gs://bdccall2022bd/images/015b51526d6813b5.jpg,Dog
TRAIN,gs://bdccall2022bd/images/016132490f8ec495.jpg,Dog
TRAIN,gs://bdccall2022bd/images/017c5a5507ec70b8.jpg,Dog
TRAIN,gs://bdccall2022bd/images/0182142868e2ff55.jpg,Dog
TRAIN,gs://bdccall2022bd/images/0186e00a09cbae0e.jpg,Dog
TRAIN,gs://bdccall2022bd/images/019e31d8de913484.jpg,Dog
TRAIN,gs://bdccall2022bd/images/01b932a56adc9f0e.jpg,Dog
TRAIN,gs://bdccall2022bd/images/01ee79a4f50483ca.jpg,Dog
TRAIN,gs://bdccall2022bd/images/01ee85b236b57b7f.jpg,Dog
TRAIN,gs://bdccall2022bd/images/01ee8f959a667f5d.jpg,Dog
TRAIN,gs://bdccall2022bd/images/01fbf977a317ae22.jpg,Dog
TRAIN,gs://bdccall2022bd/images/02120c8ba78652da.jpg,Dog
TRAIN,gs://bdccall2022bd/images/0212a1ed87520519.jpg,Dog
TRAIN,gs://bdccall2022bd/images/021f622b01d6d812.jpg,Dog
TRAIN,gs://bdccall2022bd/images/0223b98566f9eb7c.jpg,Dog
TRAIN,gs://bdccall2022bd/images/022c21f0bd9e18d1.jpg,Dog
TRAIN,gs://bdccall2022bd/images/022e89969b239b63.jpg,Dog
TRAIN,gs://bdccall2022bd/images/023fc4e45c22f702.jpg,Dog
TRAIN,gs://bdccall2022bd/images/025a89926915d707.jpg,Dog
TRAIN,gs://bdccall2022bd/images/025b5eb416f73312.jpg,Dog
TRAIN,gs://bdccall2022bd/images/025e7134fd22c69c.jpg,Dog
TRAIN,gs://bdccall2022bd/images/026a0164abfc43ca.jpg,Dog
TRAIN,gs://bdccall2022bd/images/028363ddd78950c6.jpg,Dog
TRAIN,gs://bdccall2022bd/images/028a5497e6fa5c02.jpg,Dog
TRAIN,gs://bdccall2022bd/images/029096bb7f199843.jpg,Dog
TRAIN,gs://bdccall2022bd/images/029a799730eb8b30.jpg,Dog
TRAIN,gs://bdccall2022bd/images/02a69a60ecf689d8.jpg,Dog
TRAIN,gs://bdccall2022bd/images/02aa62a18370d3ed.jpg,Dog
TRAIN,gs://bdccall2022bd/images/02b197773b33c9c1.jpg,Dog
TRAIN,gs://bdccall2022bd/images/02ba71c35fa1520a.jpg,Dog
TRAIN,gs://bdccall2022bd/images/02c0431bfaa8d2e5.jpg,Dog
TRAIN,gs://bdccall2022bd/images/02c65fc2dddbd85f.jpg,Dog
TRAIN,gs://bdccall2022bd/images/02cef6aec25ce81c.jpg,Dog
TRAIN,gs://bdccall2022bd/images/02ea9e7f71cc2ee5.jpg,Dog
TRAIN,gs://bdccall2022bd/images/02ecda99aed5218a.jpg,Dog
TRAIN,gs://bdccall2022bd/images/02f32054e66c81ed.jpg,Dog
TRAIN,gs://bdccall2022bd/images/03199826c4aab1e3.jpg,Dog
TRAIN,gs://bdccall2022bd/images/0319a2749920f37b.jpg,Dog
TRAIN,gs://bdccall2022bd/images/031c316f39517c8a.jpg,Dog
TRAIN,gs://bdccall2022bd/images/031de3300e00b7cb.jpg,Dog
TRAIN,gs://bdccall2022bd/images/033b0600c4c5e0eb.jpg,Dog
TRAIN,gs://bdccall2022bd/images/033b1a4ed34119dd.jpg,Dog
TRAIN,gs://bdccall2022bd/images/033fc1bba2ca7014.jpg,Dog
TRAIN,gs://bdccall2022bd/images/036f172343c1caff.jpg,Dog
TRAIN,gs://bdccall2022bd/images/037138c8f60eb471.jpg,Dog
TRAIN,gs://bdccall2022bd/images/0383344f7f8060f9.jpg,Dog
TRAIN,gs://bdccall2022bd/images/0385d1bbc6fbeff0.jpg,Dog
TRAIN,gs://bdccall2022bd/images/038a80480f2cf449.jpg,Dog
TRAIN,gs://bdccall2022bd/images/03b15b92e531503d.jpg,Dog
TRAIN,gs://bdccall2022bd/images/03be3d825bdcb947.jpg,Dog
TRAIN,gs://bdccall2022bd/images/03d89e83702778e1.jpg,Dog
TRAIN,gs://bdccall2022bd/images/03e8ca1c25ed556d.jpg,Dog
TRAIN,gs://bdccall2022bd/images/03ec1451f0e754bf.jpg,Dog
TRAIN,gs://bdccall2022bd/images/03f080874978cf1f.jpg,Dog
TRAIN,gs://bdccall2022bd/images/03f7bc19f6697b00.jpg,Dog
TRAIN,gs://bdccall2022bd/images/03ffc0b7c71400e3.jpg,Dog
VALIDATION,gs://bdccall2022bd/images/041a336e612636c1.jpg,Dog
VALIDATION,gs://bdccall2022bd/images/042b5b3455706904.jpg,Dog
VALIDATION,gs://bdccall2022bd/images/043d162202466e72.jpg,Dog
VALIDATION,gs://bdccall2022bd/images/044b0ab97d4f68ff.jpg,Dog
VALIDATION,gs://bdccall2022bd/images/044e531b8a0f9585.jpg,Dog
VALIDATION,gs://bdccall2022bd/images/044f8e2e5f773be3.jpg,Dog
VALIDATION,gs://bdccall2022bd/images/0458034c81d6f267.jpg,Dog
VALIDATION,gs://bdccall2022bd/images/0461f5305cac6365.jpg,Dog
VALIDATION,gs://bdccall2022bd/images/0462dce081edfda4.jpg,Dog
VALIDATION,gs://bdccall2022bd/images/0474e6370379b6f8.jpg,Dog
TEST,gs://bdccall2022bd/images/04874a101b837f2f.jpg,Dog
TEST,gs://bdccall2022bd/images/0493ab65816a374b.jpg,Dog
TEST,gs://bdccall2022bd/images/049df9a38488f576.jpg,Dog
TEST,gs://bdccall2022bd/images/04ac25b79a678e61.jpg,Dog
TEST,gs://bdccall2022bd/images/04ae2dc76ed8380f.jpg,Dog
TEST,gs://bdccall2022bd/images/04bf1016f91f212b.jpg,Dog
TEST,gs://bdccall2022bd/images/04c3e6a5f8b7e5ae.jpg,Dog
TEST,gs://bdccall2022bd/images/04e76fb1951f69c0.jpg,Dog
TEST,gs://bdccall2022bd/images/04f8944064660d8f.jpg,Dog
TEST,gs://bdccall2022bd/images/04f97166b15ec429.jpg,Dog
TRAIN,gs://bdccall2022bd/images/00567dcce4a5f7d9.jpg,Cat
TRAIN,gs://bdccall2022bd/images/00b6be538644be0b.jpg,Cat
TRAIN,gs://bdccall2022bd/images/00d9419e2faa59fa.jpg,Cat
TRAIN,gs://bdccall2022bd/images/00dd6d717c50e78b.jpg,Cat
TRAIN,gs://bdccall2022bd/images/012b40f0d9ccba39.jpg,Cat
TRAIN,gs://bdccall2022bd/images/017c776a67956dd9.jpg,Cat
TRAIN,gs://bdccall2022bd/images/018376cd9ec14643.jpg,Cat
TRAIN,gs://bdccall2022bd/images/01a471db31e88727.jpg,Cat
TRAIN,gs://bdccall2022bd/images/01cc07838fc28a68.jpg,Cat
TRAIN,gs://bdccall2022bd/images/01e368998a68ff28.jpg,Cat
TRAIN,gs://bdccall2022bd/images/01e836367cfb0c76.jpg,Cat
TRAIN,gs://bdccall2022bd/images/020418f41a5dde99.jpg,Cat
TRAIN,gs://bdccall2022bd/images/022d642a36f4a551.jpg,Cat
TRAIN,gs://bdccall2022bd/images/02530be4f2f64f16.jpg,Cat
TRAIN,gs://bdccall2022bd/images/02e94b92d16c65de.jpg,Cat
TRAIN,gs://bdccall2022bd/images/02fbcf6ff524762f.jpg,Cat
TRAIN,gs://bdccall2022bd/images/0329708e66a64efb.jpg,Cat
TRAIN,gs://bdccall2022bd/images/033797e7b2ae595b.jpg,Cat
TRAIN,gs://bdccall2022bd/images/0410eff2d01dd540.jpg,Cat
TRAIN,gs://bdccall2022bd/images/043d38140a8252f1.jpg,Cat
TRAIN,gs://bdccall2022bd/images/0447d6428b6c2cf0.jpg,Cat
TRAIN,gs://bdccall2022bd/images/046f48d5c2c8d898.jpg,Cat
TRAIN,gs://bdccall2022bd/images/048c5a3cccc35143.jpg,Cat
TRAIN,gs://bdccall2022bd/images/04bd02346a23482a.jpg,Cat
TRAIN,gs://bdccall2022bd/images/04bfa701fa169045.jpg,Cat
TRAIN,gs://bdccall2022bd/images/0524443ce8d771fb.jpg,Cat
TRAIN,gs://bdccall2022bd/images/0555c7f8d767cdae.jpg,Cat
TRAIN,gs://bdccall2022bd/images/0657ea93e09eeab8.jpg,Cat
TRAIN,gs://bdccall2022bd/images/066af2f8fe78235f.jpg,Cat
TRAIN,gs://bdccall2022bd/images/0675c64e78c43bd4.jpg,Cat
TRAIN,gs://bdccall2022bd/images/070796cae7b21655.jpg,Cat
TRAIN,gs://bdccall2022bd/images/072075cc0668cc68.jpg,Cat
TRAIN,gs://bdccall2022bd/images/07adde55744da629.jpg,Cat
TRAIN,gs://bdccall2022bd/images/07bdad692a27b235.jpg,Cat
TRAIN,gs://bdccall2022bd/images/07d9048a6e0dc007.jpg,Cat
TRAIN,gs://bdccall2022bd/images/07f0bbd3fd9f3448.jpg,Cat
TRAIN,gs://bdccall2022bd/images/07feb6cc3655dc87.jpg,Cat
TRAIN,gs://bdccall2022bd/images/08675994e6743b52.jpg,Cat
TRAIN,gs://bdccall2022bd/images/08e305c9897827dd.jpg,Cat
TRAIN,gs://bdccall2022bd/images/08eef8249bb1c096.jpg,Cat
TRAIN,gs://bdccall2022bd/images/094334ac0e2f0d9d.jpg,Cat
TRAIN,gs://bdccall2022bd/images/099d79a1168e95a2.jpg,Cat
TRAIN,gs://bdccall2022bd/images/09a727503e753c5d.jpg,Cat
TRAIN,gs://bdccall2022bd/images/09c1c18e1ca3f7c3.jpg,Cat
TRAIN,gs://bdccall2022bd/images/09c48ceb3b1dbaf9.jpg,Cat
TRAIN,gs://bdccall2022bd/images/0a10e5741162ef98.jpg,Cat
TRAIN,gs://bdccall2022bd/images/0a397c6757b20695.jpg,Cat
TRAIN,gs://bdccall2022bd/images/0a4bfa962852da33.jpg,Cat
TRAIN,gs://bdccall2022bd/images/0a652c84fb45f9a9.jpg,Cat
TRAIN,gs://bdccall2022bd/images/0ab266f92baec71c.jpg,Cat
TRAIN,gs://bdccall2022bd/images/0b061ceda8f590e7.jpg,Cat
TRAIN,gs://bdccall2022bd/images/0b1166e05c7e2705.jpg,Cat
TRAIN,gs://bdccall2022bd/images/0b1d8641c0a629e5.jpg,Cat
TRAIN,gs://bdccall2022bd/images/0b21383186fb9f81.jpg,Cat
TRAIN,gs://bdccall2022bd/images/0b3740b6e5bf6550.jpg,Cat
TRAIN,gs://bdccall2022bd/images/0b59ee0b31a5ab4e.jpg,Cat
TRAIN,gs://bdccall2022bd/images/0b748340e89165f4.jpg,Cat
TRAIN,gs://bdccall2022bd/images/0bb03b3cad0efb39.jpg,Cat
TRAIN,gs://bdccall2022bd/images/0bd7249cd8e061ba.jpg,Cat
TRAIN,gs://bdccall2022bd/images/0bf0f85a86ad212f.jpg,Cat
TRAIN,gs://bdccall2022bd/images/0c15cedc8716a24b.jpg,Cat
TRAIN,gs://bdccall2022bd/images/0c783b33f01f7cac.jpg,Cat
TRAIN,gs://bdccall2022bd/images/0c7a5b1dea4d17a9.jpg,Cat
TRAIN,gs://bdccall2022bd/images/0cb8808f7615904e.jpg,Cat
TRAIN,gs://bdccall2022bd/images/0cbf8493b636ce37.jpg,Cat
TRAIN,gs://bdccall2022bd/images/0cfd4e0fc4f1bf56.jpg,Cat
TRAIN,gs://bdccall2022bd/images/0d04a6ac9f82d487.jpg,Cat
TRAIN,gs://bdccall2022bd/images/0d2486e1b0367db4.jpg,Cat
TRAIN,gs://bdccall2022bd/images/0d64005d60bca667.jpg,Cat
TRAIN,gs://bdccall2022bd/images/0e2715e7343f6ec3.jpg,Cat
TRAIN,gs://bdccall2022bd/images/0e2e5369865ba607.jpg,Cat
TRAIN,gs://bdccall2022bd/images/0e47cf48693a0bd4.jpg,Cat
TRAIN,gs://bdccall2022bd/images/0ea4852b0c090058.jpg,Cat
TRAIN,gs://bdccall2022bd/images/0ed2ce28c4d654bd.jpg,Cat
TRAIN,gs://bdccall2022bd/images/0f4ab59a2fdaadb8.jpg,Cat
TRAIN,gs://bdccall2022bd/images/0fc70d3067def51b.jpg,Cat
TRAIN,gs://bdccall2022bd/images/0ff037d4305d0f10.jpg,Cat
TRAIN,gs://bdccall2022bd/images/0ffa5ed1c5e9eeae.jpg,Cat
TRAIN,gs://bdccall2022bd/images/0ffc9bb1e54039f4.jpg,Cat
TRAIN,gs://bdccall2022bd/images/0fff06272cf4da8b.jpg,Cat
VALIDATION,gs://bdccall2022bd/images/10214ca8b5a6aa93.jpg,Cat
VALIDATION,gs://bdccall2022bd/images/106a71475c38d177.jpg,Cat
VALIDATION,gs://bdccall2022bd/images/1079052e02163b61.jpg,Cat
VALIDATION,gs://bdccall2022bd/images/10d3664ec0bb4dc9.jpg,Cat
VALIDATION,gs://bdccall2022bd/images/11576c45895da4ba.jpg,Cat
VALIDATION,gs://bdccall2022bd/images/123b018bf069b759.jpg,Cat
VALIDATION,gs://bdccall2022bd/images/12d23628822d875f.jpg,Cat
VALIDATION,gs://bdccall2022bd/images/12d411b8aa57ea1d.jpg,Cat
VALIDATION,gs://bdccall2022bd/images/12e262615d71d0d8.jpg,Cat
VALIDATION,gs://bdccall2022bd/images/12e3a191ec6d32a6.jpg,Cat
TEST,gs://bdccall2022bd/images/12fa64f36ad08c5b.jpg,Cat
TEST,gs://bdccall2022bd/images/138323ddc170f97e.jpg,Cat
TEST,gs://bdccall2022bd/images/138ea2ee825b8b9a.jpg,Cat
TEST,gs://bdccall2022bd/images/13f8a57a12298e3f.jpg,Cat
TEST,gs://bdccall2022bd/images/1437c062ffadd25f.jpg,Cat
TEST,gs://bdccall2022bd/images/14857eda90de0088.jpg,Cat
TEST,gs://bdccall2022bd/images/14f100eb85e81b95.jpg,Cat
TEST,gs://bdccall2022bd/images/150a0a4623ed8a91.jpg,Cat
TEST,gs://bdccall2022bd/images/1521f8e16a5f7fdd.jpg,Cat
TEST,gs://bdccall2022bd/images/15441f45d3ec4ef2.jpg,Cat
TRAIN,gs://bdccall2022bd/images/000062a39995e348.jpg,Bird
TRAIN,gs://bdccall2022bd/images/004ebd2a35a7f4b3.jpg,Bird
TRAIN,gs://bdccall2022bd/images/006a4d298e822b6c.jpg,Bird
TRAIN,gs://bdccall2022bd/images/00835b2ca0080c11.jpg,Bird
TRAIN,gs://bdccall2022bd/images/00bf37cdc7ae8d10.jpg,Bird
TRAIN,gs://bdccall2022bd/images/00f0831b87df4954.jpg,Bird
TRAIN,gs://bdccall2022bd/images/00fe0d9759227ec9.jpg,Bird
TRAIN,gs://bdccall2022bd/images/010216110946e9af.jpg,Bird
TRAIN,gs://bdccall2022bd/images/0108c203dcb51a6d.jpg,Bird
TRAIN,gs://bdccall2022bd/images/01632af92cff6284.jpg,Bird
TRAIN,gs://bdccall2022bd/images/0174257f1957d522.jpg,Bird
TRAIN,gs://bdccall2022bd/images/01d831fbda6fa27e.jpg,Bird
TRAIN,gs://bdccall2022bd/images/0230faae1c2e77bb.jpg,Bird
TRAIN,gs://bdccall2022bd/images/0231ba6852a4fb3c.jpg,Bird
TRAIN,gs://bdccall2022bd/images/02361af85520b6d6.jpg,Bird
TRAIN,gs://bdccall2022bd/images/0259f034953ab1cc.jpg,Bird
TRAIN,gs://bdccall2022bd/images/025dfa9ea18bcb18.jpg,Bird
TRAIN,gs://bdccall2022bd/images/028f9e51996799f8.jpg,Bird
TRAIN,gs://bdccall2022bd/images/02c0b735fc2f63a4.jpg,Bird
TRAIN,gs://bdccall2022bd/images/02c74f2be91fd19a.jpg,Bird
TRAIN,gs://bdccall2022bd/images/031a31669343ea2c.jpg,Bird
TRAIN,gs://bdccall2022bd/images/03767ec056b8994c.jpg,Bird
TRAIN,gs://bdccall2022bd/images/038f7e0e31c51740.jpg,Bird
TRAIN,gs://bdccall2022bd/images/03bd646184324237.jpg,Bird
TRAIN,gs://bdccall2022bd/images/03c2bccf97c631aa.jpg,Bird
TRAIN,gs://bdccall2022bd/images/03cf2162de684ed1.jpg,Bird
TRAIN,gs://bdccall2022bd/images/03d56b24815b6c79.jpg,Bird
TRAIN,gs://bdccall2022bd/images/04100bc0866036ce.jpg,Bird
TRAIN,gs://bdccall2022bd/images/0419be7677df9e33.jpg,Bird
TRAIN,gs://bdccall2022bd/images/041cb2f958f04d82.jpg,Bird
TRAIN,gs://bdccall2022bd/images/045b854368738052.jpg,Bird
TRAIN,gs://bdccall2022bd/images/047d440e4a310a84.jpg,Bird
TRAIN,gs://bdccall2022bd/images/049f211dcba7d9a1.jpg,Bird
TRAIN,gs://bdccall2022bd/images/04b1523a9217aed4.jpg,Bird
TRAIN,gs://bdccall2022bd/images/04d3f8f915c07260.jpg,Bird
TRAIN,gs://bdccall2022bd/images/04d8a83095cef583.jpg,Bird
TRAIN,gs://bdccall2022bd/images/04ecce9c1888949b.jpg,Bird
TRAIN,gs://bdccall2022bd/images/0514f26adba9b9a2.jpg,Bird
TRAIN,gs://bdccall2022bd/images/0521763b0aa4b4bb.jpg,Bird
TRAIN,gs://bdccall2022bd/images/0522fa267f284165.jpg,Bird
TRAIN,gs://bdccall2022bd/images/0564c1f4a1f9dd10.jpg,Bird
TRAIN,gs://bdccall2022bd/images/05c3a552f76056b0.jpg,Bird
TRAIN,gs://bdccall2022bd/images/05fbbc5ac42cc915.jpg,Bird
TRAIN,gs://bdccall2022bd/images/06019a1f0f9e31a5.jpg,Bird
TRAIN,gs://bdccall2022bd/images/061cd7d0398e6e22.jpg,Bird
TRAIN,gs://bdccall2022bd/images/0682d310d920e23a.jpg,Bird
TRAIN,gs://bdccall2022bd/images/0684331f4f9579e8.jpg,Bird
TRAIN,gs://bdccall2022bd/images/06c9cc5fd907e7cd.jpg,Bird
TRAIN,gs://bdccall2022bd/images/06d0334ff6e9797e.jpg,Bird
TRAIN,gs://bdccall2022bd/images/06d478dedd964618.jpg,Bird
TRAIN,gs://bdccall2022bd/images/074f155ff51c8236.jpg,Bird
TRAIN,gs://bdccall2022bd/images/0761f90548075d9a.jpg,Bird
TRAIN,gs://bdccall2022bd/images/078e0dd447ea232e.jpg,Bird
TRAIN,gs://bdccall2022bd/images/07c590255de615e0.jpg,Bird
TRAIN,gs://bdccall2022bd/images/07ca230691eec10e.jpg,Bird
TRAIN,gs://bdccall2022bd/images/07d37babca0a3736.jpg,Bird
TRAIN,gs://bdccall2022bd/images/08074681621edd2c.jpg,Bird
TRAIN,gs://bdccall2022bd/images/087a0fcdf626a8e1.jpg,Bird
TRAIN,gs://bdccall2022bd/images/0884d9c4dfbb236c.jpg,Bird
TRAIN,gs://bdccall2022bd/images/088c485f5b7545e8.jpg,Bird
TRAIN,gs://bdccall2022bd/images/08ac87bef833da9d.jpg,Bird
TRAIN,gs://bdccall2022bd/images/08ad804598536a4f.jpg,Bird
TRAIN,gs://bdccall2022bd/images/09ac7b1e858b07a5.jpg,Bird
TRAIN,gs://bdccall2022bd/images/0a01ea186bdd8ef0.jpg,Bird
TRAIN,gs://bdccall2022bd/images/0a16016b833fc07f.jpg,Bird
TRAIN,gs://bdccall2022bd/images/0a439f5ecda0086c.jpg,Bird
TRAIN,gs://bdccall2022bd/images/0a451ad29b8506c9.jpg,Bird
TRAIN,gs://bdccall2022bd/images/0a757eb94d0881a1.jpg,Bird
TRAIN,gs://bdccall2022bd/images/0a843190a576c7b6.jpg,Bird
TRAIN,gs://bdccall2022bd/images/0ac0de0931a8b1a7.jpg,Bird
TRAIN,gs://bdccall2022bd/images/0b080e612fd4a302.jpg,Bird
TRAIN,gs://bdccall2022bd/images/0b14f8c8bc980dcc.jpg,Bird
TRAIN,gs://bdccall2022bd/images/0b17f6c32cad0a50.jpg,Bird
TRAIN,gs://bdccall2022bd/images/0b45431e579e3f6e.jpg,Bird
TRAIN,gs://bdccall2022bd/images/0b8036158c2721a1.jpg,Bird
TRAIN,gs://bdccall2022bd/images/0b9ab10605b0ead8.jpg,Bird
TRAIN,gs://bdccall2022bd/images/0bdc37410ad0c98c.jpg,Bird
TRAIN,gs://bdccall2022bd/images/0c5e27b81c8feb32.jpg,Bird
TRAIN,gs://bdccall2022bd/images/0c5f65371652e673.jpg,Bird
TRAIN,gs://bdccall2022bd/images/0c7b43ad1246e2c8.jpg,Bird
VALIDATION,gs://bdccall2022bd/images/0c9eb1868c2d1228.jpg,Bird
VALIDATION,gs://bdccall2022bd/images/0cace645b63448ca.jpg,Bird
VALIDATION,gs://bdccall2022bd/images/0cb3adf44d3ca506.jpg,Bird
VALIDATION,gs://bdccall2022bd/images/0cd0d53628ad7d29.jpg,Bird
VALIDATION,gs://bdccall2022bd/images/0d2345da189d2ab1.jpg,Bird
VALIDATION,gs://bdccall2022bd/images/0d29d4e611acacfe.jpg,Bird
VALIDATION,gs://bdccall2022bd/images/0d59e56b02d1ce9e.jpg,Bird
VALIDATION,gs://bdccall2022bd/images/0d6a527e509d7e6e.jpg,Bird
VALIDATION,gs://bdccall2022bd/images/0da3c1aaaa84f2da.jpg,Bird
VALIDATION,gs://bdccall2022bd/images/0dcfa87adf9168d6.jpg,Bird
TEST,gs://bdccall2022bd/images/0df1282be34eeaa4.jpg,Bird
TEST,gs://bdccall2022bd/images/0e08f18f6e603a36.jpg,Bird
TEST,gs://bdccall2022bd/images/0e0f1497f939d99f.jpg,Bird
TEST,gs://bdccall2022bd/images/0e20f679da5a8582.jpg,Bird
TEST,gs://bdccall2022bd/images/0e22d9fd035a85db.jpg,Bird
TEST,gs://bdccall2022bd/images/0e55249843756833.jpg,Bird
TEST,gs://bdccall2022bd/images/0e8856aa5c5ca143.jpg,Bird
TEST,gs://bdccall2022bd/images/0edcd7b84d91364d.jpg,Bird
TEST,gs://bdccall2022bd/images/0ee696888a405d3b.jpg,Bird
TEST,gs://bdccall2022bd/images/0ee9097b0c090b41.jpg,Bird
TRAIN,gs://bdccall2022bd/images/002d966db9db634c.jpg,Horse
TRAIN,gs://bdccall2022bd/images/00e789d671a484c6.jpg,Horse
TRAIN,gs://bdccall2022bd/images/01097eaa96dcfb20.jpg,Horse
TRAIN,gs://bdccall2022bd/images/014bcc2a3590db99.jpg,Horse
TRAIN,gs://bdccall2022bd/images/0162ec19a2664049.jpg,Horse
TRAIN,gs://bdccall2022bd/images/018d66fb024c0d25.jpg,Horse
TRAIN,gs://bdccall2022bd/images/01a978c9a171c107.jpg,Horse
TRAIN,gs://bdccall2022bd/images/025ec7dc8c2263b7.jpg,Horse
TRAIN,gs://bdccall2022bd/images/02955a95a4785d44.jpg,Horse
TRAIN,gs://bdccall2022bd/images/03504848e90a3706.jpg,Horse
TRAIN,gs://bdccall2022bd/images/03726844adb2e67a.jpg,Horse
TRAIN,gs://bdccall2022bd/images/041ad9ea598c47ad.jpg,Horse
TRAIN,gs://bdccall2022bd/images/043cfbb97cf7d0ef.jpg,Horse
TRAIN,gs://bdccall2022bd/images/049f7d67144f3e13.jpg,Horse
TRAIN,gs://bdccall2022bd/images/04faa90729789d70.jpg,Horse
TRAIN,gs://bdccall2022bd/images/05d9d537060881b6.jpg,Horse
TRAIN,gs://bdccall2022bd/images/05f0aa43a4bdd395.jpg,Horse
TRAIN,gs://bdccall2022bd/images/06bfb82021cba53e.jpg,Horse
TRAIN,gs://bdccall2022bd/images/06c17b79bde56cd3.jpg,Horse
TRAIN,gs://bdccall2022bd/images/06d79636ef2e7b27.jpg,Horse
TRAIN,gs://bdccall2022bd/images/06e64210b31f477d.jpg,Horse
TRAIN,gs://bdccall2022bd/images/070ff7a795140002.jpg,Horse
TRAIN,gs://bdccall2022bd/images/07638773cfbe2ee1.jpg,Horse
TRAIN,gs://bdccall2022bd/images/0783df765df73572.jpg,Horse
TRAIN,gs://bdccall2022bd/images/08d3314312c69620.jpg,Horse
TRAIN,gs://bdccall2022bd/images/091263fd8fb6becf.jpg,Horse
TRAIN,gs://bdccall2022bd/images/0925c326e6ee75ed.jpg,Horse
TRAIN,gs://bdccall2022bd/images/09af10ae61a4ef27.jpg,Horse
TRAIN,gs://bdccall2022bd/images/0a49dd9c2fbc8e54.jpg,Horse
TRAIN,gs://bdccall2022bd/images/0a8c7bbae99db4df.jpg,Horse
TRAIN,gs://bdccall2022bd/images/0b17d5cb644ef36b.jpg,Horse
TRAIN,gs://bdccall2022bd/images/0bb24c98e61ec7b2.jpg,Horse
TRAIN,gs://bdccall2022bd/images/0bbe5d91c4b0c6c9.jpg,Horse
TRAIN,gs://bdccall2022bd/images/0bd639cae82eb91c.jpg,Horse
TRAIN,gs://bdccall2022bd/images/0c9ba0a6b300209d.jpg,Horse
TRAIN,gs://bdccall2022bd/images/0ceacfd214ddb209.jpg,Horse
TRAIN,gs://bdccall2022bd/images/0d300fd27bb32524.jpg,Horse
TRAIN,gs://bdccall2022bd/images/0d41d737d89d7f3e.jpg,Horse
TRAIN,gs://bdccall2022bd/images/0d511ce79ae7cd96.jpg,Horse
TRAIN,gs://bdccall2022bd/images/0d98d0cea52c9f52.jpg,Horse
TRAIN,gs://bdccall2022bd/images/0dc9c6b1a0d95c70.jpg,Horse
TRAIN,gs://bdccall2022bd/images/0def43d0bd4744e3.jpg,Horse
TRAIN,gs://bdccall2022bd/images/0df4980c1dccda78.jpg,Horse
TRAIN,gs://bdccall2022bd/images/0e153b5bb0303fb4.jpg,Horse
TRAIN,gs://bdccall2022bd/images/0ebe4a9c575a2c85.jpg,Horse
TRAIN,gs://bdccall2022bd/images/0ee8ba563ee25959.jpg,Horse
TRAIN,gs://bdccall2022bd/images/0f8c1cc24a2fb47b.jpg,Horse
TRAIN,gs://bdccall2022bd/images/0f901c5dcb73e732.jpg,Horse
TRAIN,gs://bdccall2022bd/images/0fb656f0d8e27c9a.jpg,Horse
TRAIN,gs://bdccall2022bd/images/1018423367ef25bf.jpg,Horse
TRAIN,gs://bdccall2022bd/images/10962f6bc7c6d013.jpg,Horse
TRAIN,gs://bdccall2022bd/images/10a36a0e29c23c70.jpg,Horse
TRAIN,gs://bdccall2022bd/images/11f3bf6ff9f6120d.jpg,Horse
TRAIN,gs://bdccall2022bd/images/11f4313c24c2e27b.jpg,Horse
TRAIN,gs://bdccall2022bd/images/11fdd25a4b8b85d7.jpg,Horse
TRAIN,gs://bdccall2022bd/images/120a01ef5a123ef1.jpg,Horse
TRAIN,gs://bdccall2022bd/images/12cff10bc6b6ddf7.jpg,Horse
TRAIN,gs://bdccall2022bd/images/13af6d6e2b845388.jpg,Horse
TRAIN,gs://bdccall2022bd/images/13e366b80a184868.jpg,Horse
TRAIN,gs://bdccall2022bd/images/1447059b7e0c5c95.jpg,Horse
TRAIN,gs://bdccall2022bd/images/14d91a4e1de9c3f3.jpg,Horse
TRAIN,gs://bdccall2022bd/images/1504029bef1d4819.jpg,Horse
TRAIN,gs://bdccall2022bd/images/154cd0a8c596af31.jpg,Horse
TRAIN,gs://bdccall2022bd/images/161d46ef3569a9f6.jpg,Horse
TRAIN,gs://bdccall2022bd/images/1650987494baf4d9.jpg,Horse
TRAIN,gs://bdccall2022bd/images/167af8f2bde5db07.jpg,Horse
TRAIN,gs://bdccall2022bd/images/16f99168b74cff1a.jpg,Horse
TRAIN,gs://bdccall2022bd/images/175cfa9317d267de.jpg,Horse
TRAIN,gs://bdccall2022bd/images/17bcfecbd8e82f51.jpg,Horse
TRAIN,gs://bdccall2022bd/images/17bed7e41af2934f.jpg,Horse
TRAIN,gs://bdccall2022bd/images/17e5768a7771bbe5.jpg,Horse
TRAIN,gs://bdccall2022bd/images/186761841e01f9c7.jpg,Horse
TRAIN,gs://bdccall2022bd/images/188b03e4ea34c5e1.jpg,Horse
TRAIN,gs://bdccall2022bd/images/189f2b0b825a651d.jpg,Horse
TRAIN,gs://bdccall2022bd/images/18c3cd0af77a6e8a.jpg,Horse
TRAIN,gs://bdccall2022bd/images/18d962c7db9f1953.jpg,Horse
TRAIN,gs://bdccall2022bd/images/18dcbc544ca2ae8f.jpg,Horse
TRAIN,gs://bdccall2022bd/images/18e5dbb67158438c.jpg,Horse
TRAIN,gs://bdccall2022bd/images/190a2c84dec938bf.jpg,Horse
TRAIN,gs://bdccall2022bd/images/194f812bc0f9dceb.jpg,Horse
VALIDATION,gs://bdccall2022bd/images/198b358e894561c0.jpg,Horse
VALIDATION,gs://bdccall2022bd/images/1a559942e5bdd1fc.jpg,Horse
VALIDATION,gs://bdccall2022bd/images/1a7a899988454c84.jpg,Horse
VALIDATION,gs://bdccall2022bd/images/1aa3c928a4b63951.jpg,Horse
VALIDATION,gs://bdccall2022bd/images/1ad662910d8d6d5d.jpg,Horse
VALIDATION,gs://bdccall2022bd/images/1b3b104c032ae8cb.jpg,Horse
VALIDATION,gs://bdccall2022bd/images/1bdd43df7eca88c3.jpg,Horse
VALIDATION,gs://bdccall2022bd/images/1c6277704f808229.jpg,Horse
VALIDATION,gs://bdccall2022bd/images/1c69867a61d1427c.jpg,Horse
VALIDATION,gs://bdccall2022bd/images/1d265f42ca96c4c8.jpg,Horse
TEST,gs://bdccall2022bd/images/1d805560723345de.jpg,Horse
TEST,gs://bdccall2022bd/images/1e0f728da5a602f0.jpg,Horse
TEST,gs://bdccall2022bd/images/1e3c8f312cb93644.jpg,Horse
TEST,gs://bdccall2022bd/images/1f0be8d27b417bb4.jpg,Horse
TEST,gs://bdccall2022bd/images/203c6de0f0eb9dec.jpg,Horse
TEST,gs://bdccall2022bd/images/204812f59423bc81.jpg,Horse
TEST,gs://bdccall2022bd/images/206f16d2a0ebd435.jpg,Horse
TEST,gs://bdccall2022bd/images/20e04b5395c1ee8c.jpg,Horse
TEST,gs://bdccall2022bd/images/210fccc9699e4bf4.jpg,Horse
TEST,gs://bdccall2022bd/images/230c3eb8f22cee77.jpg,Horse
TRAIN,gs://bdccall2022bd/images/0026d23740c5919f.jpg,Fish
TRAIN,gs://bdccall2022bd/images/0048c8734bd9116f.jpg,Fish
TRAIN,gs://bdccall2022bd/images/0055b74192ea3ab6.jpg,Fish
TRAIN,gs://bdccall2022bd/images/00943cd3a847df1c.jpg,Fish
TRAIN,gs://bdccall2022bd/images/00b0849215c716bd.jpg,Fish
TRAIN,gs://bdccall2022bd/images/016830e678a6d11e.jpg,Fish
TRAIN,gs://bdccall2022bd/images/01b18807652a57e8.jpg,Fish
TRAIN,gs://bdccall2022bd/images/0208785d519ad17d.jpg,Fish
TRAIN,gs://bdccall2022bd/images/02576a08b5f5da06.jpg,Fish
TRAIN,gs://bdccall2022bd/images/025b95ddccc8ef56.jpg,Fish
TRAIN,gs://bdccall2022bd/images/026dfb42b3a71793.jpg,Fish
TRAIN,gs://bdccall2022bd/images/02737291abb464c9.jpg,Fish
TRAIN,gs://bdccall2022bd/images/03352f3be3405e65.jpg,Fish
TRAIN,gs://bdccall2022bd/images/0362d70ccef88f3e.jpg,Fish
TRAIN,gs://bdccall2022bd/images/0378fa9f52ccefc6.jpg,Fish
TRAIN,gs://bdccall2022bd/images/039c34214daae952.jpg,Fish
TRAIN,gs://bdccall2022bd/images/04e7f6eb60ef0e23.jpg,Fish
TRAIN,gs://bdccall2022bd/images/055ef13dfb952104.jpg,Fish
TRAIN,gs://bdccall2022bd/images/05ca6922b5743207.jpg,Fish
TRAIN,gs://bdccall2022bd/images/061c7546f890b7d6.jpg,Fish
TRAIN,gs://bdccall2022bd/images/06227614ca0641a6.jpg,Fish
TRAIN,gs://bdccall2022bd/images/06228862b407bdc0.jpg,Fish
TRAIN,gs://bdccall2022bd/images/06a0353d33c6f148.jpg,Fish
TRAIN,gs://bdccall2022bd/images/06be69f2923caa0b.jpg,Fish
TRAIN,gs://bdccall2022bd/images/06d95502b04faad2.jpg,Fish
TRAIN,gs://bdccall2022bd/images/071b0745940f3d7c.jpg,Fish
TRAIN,gs://bdccall2022bd/images/0768d326a23f6b77.jpg,Fish
TRAIN,gs://bdccall2022bd/images/0817d02a826b8fe1.jpg,Fish
TRAIN,gs://bdccall2022bd/images/081a861b265c042f.jpg,Fish
TRAIN,gs://bdccall2022bd/images/08289b52b2727914.jpg,Fish
TRAIN,gs://bdccall2022bd/images/0884ef11050b5cef.jpg,Fish
TRAIN,gs://bdccall2022bd/images/0ac9487aec65bc89.jpg,Fish
TRAIN,gs://bdccall2022bd/images/0aeec6f455d590be.jpg,Fish
TRAIN,gs://bdccall2022bd/images/0b689e1e97d910de.jpg,Fish
TRAIN,gs://bdccall2022bd/images/0b68d490a91827a9.jpg,Fish
TRAIN,gs://bdccall2022bd/images/0bcb992975eca8c2.jpg,Fish
TRAIN,gs://bdccall2022bd/images/0c42b08fc58ff26b.jpg,Fish
TRAIN,gs://bdccall2022bd/images/0c499ae5a9dca11b.jpg,Fish
TRAIN,gs://bdccall2022bd/images/0c5b53ba46f11ace.jpg,Fish
TRAIN,gs://bdccall2022bd/images/0d1bdd7bb8fcea9c.jpg,Fish
TRAIN,gs://bdccall2022bd/images/0d25ca6022db691a.jpg,Fish
TRAIN,gs://bdccall2022bd/images/0d32e6abb1e6af4e.jpg,Fish
TRAIN,gs://bdccall2022bd/images/0e653ff98cc57267.jpg,Fish
TRAIN,gs://bdccall2022bd/images/0eac0048edc9ecf2.jpg,Fish
TRAIN,gs://bdccall2022bd/images/0eeb46fad6102dad.jpg,Fish
TRAIN,gs://bdccall2022bd/images/0f2a9ac3d93ef77b.jpg,Fish
TRAIN,gs://bdccall2022bd/images/0f6c6d95ef06b1e2.jpg,Fish
TRAIN,gs://bdccall2022bd/images/0f9659d6162de32f.jpg,Fish
TRAIN,gs://bdccall2022bd/images/0f9b380ae9087187.jpg,Fish
TRAIN,gs://bdccall2022bd/images/0fa257bafbd58df8.jpg,Fish
TRAIN,gs://bdccall2022bd/images/1004708828396a84.jpg,Fish
TRAIN,gs://bdccall2022bd/images/10974012e07247a5.jpg,Fish
TRAIN,gs://bdccall2022bd/images/10b80145df20b87a.jpg,Fish
TRAIN,gs://bdccall2022bd/images/10e5b1b9d7ac9443.jpg,Fish
TRAIN,gs://bdccall2022bd/images/11a5aa0db071fb53.jpg,Fish
TRAIN,gs://bdccall2022bd/images/11c05bcba9794149.jpg,Fish
TRAIN,gs://bdccall2022bd/images/120366298e4ebe93.jpg,Fish
TRAIN,gs://bdccall2022bd/images/12b1f929640f1227.jpg,Fish
TRAIN,gs://bdccall2022bd/images/12d126959238ae08.jpg,Fish
TRAIN,gs://bdccall2022bd/images/12e27aab527ecc81.jpg,Fish
TRAIN,gs://bdccall2022bd/images/12fcbfe27054b740.jpg,Fish
TRAIN,gs://bdccall2022bd/images/130d76edbc0cffe7.jpg,Fish
TRAIN,gs://bdccall2022bd/images/137b42df5570bf60.jpg,Fish
TRAIN,gs://bdccall2022bd/images/140d57075fe08b24.jpg,Fish
TRAIN,gs://bdccall2022bd/images/1439fd60f717b626.jpg,Fish
TRAIN,gs://bdccall2022bd/images/143a942de3974f2e.jpg,Fish
TRAIN,gs://bdccall2022bd/images/1481fa562ea0dd5a.jpg,Fish
TRAIN,gs://bdccall2022bd/images/149303ebe1cdbc15.jpg,Fish
TRAIN,gs://bdccall2022bd/images/14c233df2c8e3a57.jpg,Fish
TRAIN,gs://bdccall2022bd/images/14e64718257fc25c.jpg,Fish
TRAIN,gs://bdccall2022bd/images/157d702110fd578b.jpg,Fish
TRAIN,gs://bdccall2022bd/images/158fe419d1364f65.jpg,Fish
TRAIN,gs://bdccall2022bd/images/15ccedb600380afa.jpg,Fish
TRAIN,gs://bdccall2022bd/images/15e1f3067940c9b0.jpg,Fish
TRAIN,gs://bdccall2022bd/images/162bc7e2822b1b1f.jpg,Fish
TRAIN,gs://bdccall2022bd/images/1645b9056ff7634f.jpg,Fish
TRAIN,gs://bdccall2022bd/images/16e29884cee9cac8.jpg,Fish
TRAIN,gs://bdccall2022bd/images/171d66c152aa59cc.jpg,Fish
TRAIN,gs://bdccall2022bd/images/175c53a33364887b.jpg,Fish
TRAIN,gs://bdccall2022bd/images/1769e65904d11818.jpg,Fish
VALIDATION,gs://bdccall2022bd/images/187363ba9cc9eaee.jpg,Fish
VALIDATION,gs://bdccall2022bd/images/188ad6178236bf74.jpg,Fish
VALIDATION,gs://bdccall2022bd/images/188dab1ddd1be361.jpg,Fish
VALIDATION,gs://bdccall2022bd/images/18c07446aa4514e1.jpg,Fish
VALIDATION,gs://bdccall2022bd/images/18d59a3090c68870.jpg,Fish
VALIDATION,gs://bdccall2022bd/images/1944bfd4c0d53510.jpg,Fish
VALIDATION,gs://bdccall2022bd/images/196de82ff3ad6696.jpg,Fish
VALIDATION,gs://bdccall2022bd/images/1994c8c76a7a388a.jpg,Fish
VALIDATION,gs://bdccall2022bd/images/19e99aab809e4817.jpg,Fish
VALIDATION,gs://bdccall2022bd/images/1a0892c41b625802.jpg,Fish
TEST,gs://bdccall2022bd/images/1a8b9de0efe0270f.jpg,Fish
TEST,gs://bdccall2022bd/images/1a8edc9897687dc1.jpg,Fish
TEST,gs://bdccall2022bd/images/1ace7ec43e99aa76.jpg,Fish
TEST,gs://bdccall2022bd/images/1aff1100f881e7a6.jpg,Fish
TEST,gs://bdccall2022bd/images/1b3170a37d67e648.jpg,Fish
TEST,gs://bdccall2022bd/images/1b96c22c8d8e417f.jpg,Fish
TEST,gs://bdccall2022bd/images/1bcc75f05ef8289b.jpg,Fish
TEST,gs://bdccall2022bd/images/1c22deed66734f8a.jpg,Fish
TEST,gs://bdccall2022bd/images/1cba7f9e1c8ba46c.jpg,Fish
TEST,gs://bdccall2022bd/images/1cbdcb3dfa4da7ee.jpg,Fish
TRAIN,gs://bdccall2022bd/images/00e98b97ea9bfbc1.jpg,Antelope
TRAIN,gs://bdccall2022bd/images/01f4cc5cfa62d24b.jpg,Antelope
TRAIN,gs://bdccall2022bd/images/02007a58fae56aa6.jpg,Antelope
TRAIN,gs://bdccall2022bd/images/0285b398989179c8.jpg,Antelope
TRAIN,gs://bdccall2022bd/images/02fbdccb15dfbec8.jpg,Antelope
TRAIN,gs://bdccall2022bd/images/04df0fefa8c5cb8e.jpg,Antelope
TRAIN,gs://bdccall2022bd/images/056d5deb1682629b.jpg,Antelope
TRAIN,gs://bdccall2022bd/images/0599a3d859f5f44a.jpg,Antelope
TRAIN,gs://bdccall2022bd/images/05eb7e4f64fad5b7.jpg,Antelope
TRAIN,gs://bdccall2022bd/images/05f9b6d5e0124035.jpg,Antelope
TRAIN,gs://bdccall2022bd/images/06b9676c4cd5f96b.jpg,Antelope
TRAIN,gs://bdccall2022bd/images/06d2e0aaccdb8c47.jpg,Antelope
TRAIN,gs://bdccall2022bd/images/0707e4ea85d16e94.jpg,Antelope
TRAIN,gs://bdccall2022bd/images/074bf712403f979a.jpg,Antelope
TRAIN,gs://bdccall2022bd/images/0750aa13589cc582.jpg,Antelope
TRAIN,gs://bdccall2022bd/images/07c2a144aa9e33bf.jpg,Antelope
TRAIN,gs://bdccall2022bd/images/08d4cd01e1b143b0.jpg,Antelope
TRAIN,gs://bdccall2022bd/images/0ae1b09948289105.jpg,Antelope
TRAIN,gs://bdccall2022bd/images/0bd02d42723adee8.jpg,Antelope
TRAIN,gs://bdccall2022bd/images/0e11eaddccffcab5.jpg,Antelope
TRAIN,gs://bdccall2022bd/images/0e283f5098587c37.jpg,Antelope
TRAIN,gs://bdccall2022bd/images/0e3f0b59d2923062.jpg,Antelope
TRAIN,gs://bdccall2022bd/images/0ef2ea3407785fbf.jpg,Antelope
TRAIN,gs://bdccall2022bd/images/1010bb022e9aab9f.jpg,Antelope
TRAIN,gs://bdccall2022bd/images/1283d6e75bfd105c.jpg,Antelope
TRAIN,gs://bdccall2022bd/images/12a9209cfc98dfcb.jpg,Antelope
TRAIN,gs://bdccall2022bd/images/13226f111302a199.jpg,Antelope
TRAIN,gs://bdccall2022bd/images/14211f357d050523.jpg,Antelope
TRAIN,gs://bdccall2022bd/images/1441a635238b3508.jpg,Antelope
TRAIN,gs://bdccall2022bd/images/159f0b8dd61e4cd4.jpg,Antelope
TRAIN,gs://bdccall2022bd/images/15c9a71fc4254aa8.jpg,Antelope
TRAIN,gs://bdccall2022bd/images/164b5bf86a04a993.jpg,Antelope
TRAIN,gs://bdccall2022bd/images/16a47ce33f379f2b.jpg,Antelope
TRAIN,gs://bdccall2022bd/images/16df600fbffffaf5.jpg,Antelope
TRAIN,gs://bdccall2022bd/images/1732c35c867514a3.jpg,Antelope
TRAIN,gs://bdccall2022bd/images/180b2e9e339d9ea5.jpg,Antelope
TRAIN,gs://bdccall2022bd/images/19e619697899c8b5.jpg,Antelope
TRAIN,gs://bdccall2022bd/images/1cc979c995724738.jpg,Antelope
TRAIN,gs://bdccall2022bd/images/1f474b443ec7e1e2.jpg,Antelope
TRAIN,gs://bdccall2022bd/images/2023dccbd068364b.jpg,Antelope
TRAIN,gs://bdccall2022bd/images/22cfc26b35c5a7f0.jpg,Antelope
TRAIN,gs://bdccall2022bd/images/23f5b1bd33f4b6b6.jpg,Antelope
TRAIN,gs://bdccall2022bd/images/2455b8585d5bf0d9.jpg,Antelope
TRAIN,gs://bdccall2022bd/images/24ae456b371e8cd7.jpg,Antelope
TRAIN,gs://bdccall2022bd/images/25255877f6414d18.jpg,Antelope
TRAIN,gs://bdccall2022bd/images/26bcccf479f2d93e.jpg,Antelope
TRAIN,gs://bdccall2022bd/images/2732237e2db1b12e.jpg,Antelope
TRAIN,gs://bdccall2022bd/images/27bc815ec5d0fdcd.jpg,Antelope
TRAIN,gs://bdccall2022bd/images/2947f0ba0babf16b.jpg,Antelope
TRAIN,gs://bdccall2022bd/images/2b4b9c13aa0667f3.jpg,Antelope
TRAIN,gs://bdccall2022bd/images/2c57bb5bd4bc9a94.jpg,Antelope
TRAIN,gs://bdccall2022bd/images/2c7111fb07c12cdd.jpg,Antelope
TRAIN,gs://bdccall2022bd/images/304f3ed8d1321e54.jpg,Antelope
TRAIN,gs://bdccall2022bd/images/30d58f7a4d6f0943.jpg,Antelope
TRAIN,gs://bdccall2022bd/images/31931b6dd2df4674.jpg,Antelope
TRAIN,gs://bdccall2022bd/images/3266212bbdb37e15.jpg,Antelope
TRAIN,gs://bdccall2022bd/images/32d702245b1a55bf.jpg,Antelope
TRAIN,gs://bdccall2022bd/images/32e4ec9c68804437.jpg,Antelope
TRAIN,gs://bdccall2022bd/images/33170329293996cd.jpg,Antelope
TRAIN,gs://bdccall2022bd/images/35237ed36377a07c.jpg,Antelope
TRAIN,gs://bdccall2022bd/images/35d8efd346a7655b.jpg,Antelope
TRAIN,gs://bdccall2022bd/images/3642693b01ec44ac.jpg,Antelope
TRAIN,gs://bdccall2022bd/images/3706a744a92e1951.jpg,Antelope
TRAIN,gs://bdccall2022bd/images/37a50d548ba9fd34.jpg,Antelope
TRAIN,gs://bdccall2022bd/images/382525cb1309730a.jpg,Antelope
TRAIN,gs://bdccall2022bd/images/3845a07d68fee426.jpg,Antelope
TRAIN,gs://bdccall2022bd/images/384c86c0147ceeb2.jpg,Antelope
TRAIN,gs://bdccall2022bd/images/38d05edc4179d939.jpg,Antelope
TRAIN,gs://bdccall2022bd/images/39573a2a20feb8f1.jpg,Antelope
TRAIN,gs://bdccall2022bd/images/3a1b36beb2ee6db0.jpg,Antelope
TRAIN,gs://bdccall2022bd/images/3b45e29fdc4c7350.jpg,Antelope
TRAIN,gs://bdccall2022bd/images/3ba82ffbfae577a2.jpg,Antelope
TRAIN,gs://bdccall2022bd/images/3bac090cc477cf74.jpg,Antelope
TRAIN,gs://bdccall2022bd/images/3c9e31c02199049d.jpg,Antelope
TRAIN,gs://bdccall2022bd/images/3ccbdb60e4baab56.jpg,Antelope
TRAIN,gs://bdccall2022bd/images/3df97fcb497b94c1.jpg,Antelope
TRAIN,gs://bdccall2022bd/images/3e7a54dcfa1d413f.jpg,Antelope
TRAIN,gs://bdccall2022bd/images/415b98a62547bbbb.jpg,Antelope
TRAIN,gs://bdccall2022bd/images/41dd2d7531b5e9c3.jpg,Antelope
TRAIN,gs://bdccall2022bd/images/42938b359039697c.jpg,Antelope
VALIDATION,gs://bdccall2022bd/images/436541dd8bfa9c70.jpg,Antelope
VALIDATION,gs://bdccall2022bd/images/4421a437a7769e1c.jpg,Antelope
VALIDATION,gs://bdccall2022bd/images/45af348489267d1a.jpg,Antelope
VALIDATION,gs://bdccall2022bd/images/4901de647a9edcc6.jpg,Antelope
VALIDATION,gs://bdccall2022bd/images/4c71effe6d86dbaa.jpg,Antelope
VALIDATION,gs://bdccall2022bd/images/4d20cad84cb30e16.jpg,Antelope
VALIDATION,gs://bdccall2022bd/images/4d3aa7c1cd37b885.jpg,Antelope
VALIDATION,gs://bdccall2022bd/images/4d9cc067a8cac70d.jpg,Antelope
VALIDATION,gs://bdccall2022bd/images/4faa591b9b12be4a.jpg,Antelope
VALIDATION,gs://bdccall2022bd/images/4ff9f0b5f553f590.jpg,Antelope
TEST,gs://bdccall2022bd/images/50245aaec179b326.jpg,Antelope
TEST,gs://bdccall2022bd/images/50fbd872fa76107a.jpg,Antelope
TEST,gs://bdccall2022bd/images/51c14491dd8f589c.jpg,Antelope
TEST,gs://bdccall2022bd/images/5220f7ffae6c515f.jpg,Antelope
TEST,gs://bdccall2022bd/images/5225b32b33050be6.jpg,Antelope
TEST,gs://bdccall2022bd/images/52f4935660343e40.jpg,Antelope
TEST,gs://bdccall2022bd/images/52fee32d8aba62b7.jpg,Antelope
TEST,gs://bdccall2022bd/images/5380ce046e3619b4.jpg,Antelope
TEST,gs://bdccall2022bd/images/55c0670af563f64a.jpg,Antelope
TEST,gs://bdccall2022bd/images/562041e1bc3954e2.jpg,Antelope
TRAIN,gs://bdccall2022bd/images/0012a7cf33c6f427.jpg,Deer
TRAIN,gs://bdccall2022bd/images/01f716abef7d48d8.jpg,Deer
TRAIN,gs://bdccall2022bd/images/028a54e267896f86.jpg,Deer
TRAIN,gs://bdccall2022bd/images/034aead27997f437.jpg,Deer
TRAIN,gs://bdccall2022bd/images/038ee0d33098df37.jpg,Deer
TRAIN,gs://bdccall2022bd/images/0a21d120f742b1b9.jpg,Deer
TRAIN,gs://bdccall2022bd/images/0aca09fcae7d6e3a.jpg,Deer
TRAIN,gs://bdccall2022bd/images/0f518c3f48d1d87d.jpg,Deer
TRAIN,gs://bdccall2022bd/images/12e362a481f36ae8.jpg,Deer
TRAIN,gs://bdccall2022bd/images/12eb63614ce289c8.jpg,Deer
TRAIN,gs://bdccall2022bd/images/13a20ad01d6fe88a.jpg,Deer
TRAIN,gs://bdccall2022bd/images/181a0ee39a0c9a78.jpg,Deer
TRAIN,gs://bdccall2022bd/images/1cf88c1fe98d9876.jpg,Deer
TRAIN,gs://bdccall2022bd/images/1efde74ff07fbbc7.jpg,Deer
TRAIN,gs://bdccall2022bd/images/243c050445de9211.jpg,Deer
TRAIN,gs://bdccall2022bd/images/27f82f25862fc893.jpg,Deer
TRAIN,gs://bdccall2022bd/images/2a43729d236705a9.jpg,Deer
TRAIN,gs://bdccall2022bd/images/2ae5575f39119c7d.jpg,Deer
TRAIN,gs://bdccall2022bd/images/2ca535b72d95a2a0.jpg,Deer
TRAIN,gs://bdccall2022bd/images/2cfa96e7470090d2.jpg,Deer
TRAIN,gs://bdccall2022bd/images/31b0f5a1250b0125.jpg,Deer
TRAIN,gs://bdccall2022bd/images/31d2f5f31a8437d8.jpg,Deer
TRAIN,gs://bdccall2022bd/images/336702fb2c1cae40.jpg,Deer
TRAIN,gs://bdccall2022bd/images/337493e0c3c50851.jpg,Deer
TRAIN,gs://bdccall2022bd/images/36d5bfaa959605f9.jpg,Deer
TRAIN,gs://bdccall2022bd/images/36dd17cc2ed734da.jpg,Deer
TRAIN,gs://bdccall2022bd/images/3792f6b8e2404f21.jpg,Deer
TRAIN,gs://bdccall2022bd/images/37c12f23d4c2e39e.jpg,Deer
TRAIN,gs://bdccall2022bd/images/392dd1a23ae5e647.jpg,Deer
TRAIN,gs://bdccall2022bd/images/3a8c775146aa69d2.jpg,Deer
TRAIN,gs://bdccall2022bd/images/3ee762433e1b04c7.jpg,Deer
TRAIN,gs://bdccall2022bd/images/3f02ecf7bd884f07.jpg,Deer
TRAIN,gs://bdccall2022bd/images/43bfef2d2f3e7b33.jpg,Deer
TRAIN,gs://bdccall2022bd/images/442bb854d61592a7.jpg,Deer
TRAIN,gs://bdccall2022bd/images/47eca01fec38cd9a.jpg,Deer
TRAIN,gs://bdccall2022bd/images/48cf0a097ce330dc.jpg,Deer
TRAIN,gs://bdccall2022bd/images/4908c03eabfb5a87.jpg,Deer
TRAIN,gs://bdccall2022bd/images/4955a59208c2ff11.jpg,Deer
TRAIN,gs://bdccall2022bd/images/498ec7d07f110bec.jpg,Deer
TRAIN,gs://bdccall2022bd/images/4a51f8dd244cd303.jpg,Deer
TRAIN,gs://bdccall2022bd/images/4a6f6fab3d4bc3f7.jpg,Deer
TRAIN,gs://bdccall2022bd/images/4d9d873f1d080e6a.jpg,Deer
TRAIN,gs://bdccall2022bd/images/52836f3905272c29.jpg,Deer
TRAIN,gs://bdccall2022bd/images/54fd0a4958cbc9f8.jpg,Deer
TRAIN,gs://bdccall2022bd/images/55918c58dcb8cd1b.jpg,Deer
TRAIN,gs://bdccall2022bd/images/575c2d8285951d39.jpg,Deer
TRAIN,gs://bdccall2022bd/images/5806672761e3a840.jpg,Deer
TRAIN,gs://bdccall2022bd/images/596bb1c22329af50.jpg,Deer
TRAIN,gs://bdccall2022bd/images/5a039f9a4b857dca.jpg,Deer
TRAIN,gs://bdccall2022bd/images/5a4b92dc3ff7bdf0.jpg,Deer
TRAIN,gs://bdccall2022bd/images/5b0f31f4ad6ec73a.jpg,Deer
TRAIN,gs://bdccall2022bd/images/5b5f00121eee9ede.jpg,Deer
TRAIN,gs://bdccall2022bd/images/5b8cbad509d2545f.jpg,Deer
TRAIN,gs://bdccall2022bd/images/5bebc7c1a8067ff0.jpg,Deer
TRAIN,gs://bdccall2022bd/images/5d20e4852612dc04.jpg,Deer
TRAIN,gs://bdccall2022bd/images/5dc92b731d598543.jpg,Deer
TRAIN,gs://bdccall2022bd/images/5e0ee176e8cff08a.jpg,Deer
TRAIN,gs://bdccall2022bd/images/5e597a94068bab6b.jpg,Deer
TRAIN,gs://bdccall2022bd/images/5f09d936ad31c033.jpg,Deer
TRAIN,gs://bdccall2022bd/images/61a36fc12779b82f.jpg,Deer
TRAIN,gs://bdccall2022bd/images/6256ba0011318ab9.jpg,Deer
TRAIN,gs://bdccall2022bd/images/6431d2d7d77fccfe.jpg,Deer
TRAIN,gs://bdccall2022bd/images/6578d0d608cd727b.jpg,Deer
TRAIN,gs://bdccall2022bd/images/65908c420fbe425b.jpg,Deer
TRAIN,gs://bdccall2022bd/images/65e6961ee0b0fe0d.jpg,Deer
TRAIN,gs://bdccall2022bd/images/66374c55b2d469ae.jpg,Deer
TRAIN,gs://bdccall2022bd/images/67fc0102dfa1de8e.jpg,Deer
TRAIN,gs://bdccall2022bd/images/6822e543aeb43db8.jpg,Deer
TRAIN,gs://bdccall2022bd/images/6b924071972ea76f.jpg,Deer
TRAIN,gs://bdccall2022bd/images/6c96edbec39a2840.jpg,Deer
TRAIN,gs://bdccall2022bd/images/6d35768563661703.jpg,Deer
TRAIN,gs://bdccall2022bd/images/6db1af4c4d94aa1f.jpg,Deer
TRAIN,gs://bdccall2022bd/images/6ef20d09b3cfff60.jpg,Deer
TRAIN,gs://bdccall2022bd/images/6fbade8abbd91778.jpg,Deer
TRAIN,gs://bdccall2022bd/images/70390090cc6aee0b.jpg,Deer
TRAIN,gs://bdccall2022bd/images/71bd2652a4100c27.jpg,Deer
TRAIN,gs://bdccall2022bd/images/71c05c33211b1416.jpg,Deer
TRAIN,gs://bdccall2022bd/images/7225c5ecfacb89e8.jpg,Deer
TRAIN,gs://bdccall2022bd/images/72ccdad1db761d19.jpg,Deer
TRAIN,gs://bdccall2022bd/images/7304a390ccfa7013.jpg,Deer
VALIDATION,gs://bdccall2022bd/images/73ce17ddf3e362ff.jpg,Deer
VALIDATION,gs://bdccall2022bd/images/756b8fa3933bcd6a.jpg,Deer
VALIDATION,gs://bdccall2022bd/images/763ae04fc896e7e4.jpg,Deer
VALIDATION,gs://bdccall2022bd/images/766f6f9bb71a4d75.jpg,Deer
VALIDATION,gs://bdccall2022bd/images/7779d8c1651d7818.jpg,Deer
VALIDATION,gs://bdccall2022bd/images/788d8ef42e204654.jpg,Deer
VALIDATION,gs://bdccall2022bd/images/78bc277af198725e.jpg,Deer
VALIDATION,gs://bdccall2022bd/images/790d577e86472468.jpg,Deer
VALIDATION,gs://bdccall2022bd/images/795c6f26cc71b625.jpg,Deer
VALIDATION,gs://bdccall2022bd/images/7a469085395ff0ea.jpg,Deer
TEST,gs://bdccall2022bd/images/7af8f80ac971b0c8.jpg,Deer
TEST,gs://bdccall2022bd/images/7bd23f712f3b50eb.jpg,Deer
TEST,gs://bdccall2022bd/images/7c9c6198e937150a.jpg,Deer
TEST,gs://bdccall2022bd/images/7d5eeafbdac5e549.jpg,Deer
TEST,gs://bdccall2022bd/images/7d8db5ea59d8d5a7.jpg,Deer
TEST,gs://bdccall2022bd/images/7dcdc12fdf281ac5.jpg,Deer
TEST,gs://bdccall2022bd/images/7e4f3f30c4a81edd.jpg,Deer
TEST,gs://bdccall2022bd/images/7e7c478ee979f3c2.jpg,Deer
TEST,gs://bdccall2022bd/images/7ea8358743c2ec01.jpg,Deer
TEST,gs://bdccall2022bd/images/7ed74de008722466.jpg,Deer
TRAIN,gs://bdccall2022bd/images/009b9d9957155405.jpg,Lizard
TRAIN,gs://bdccall2022bd/images/01f4905ec765dca8.jpg,Lizard
TRAIN,gs://bdccall2022bd/images/021b038e2fb6da93.jpg,Lizard
TRAIN,gs://bdccall2022bd/images/028ce14d18fe5571.jpg,Lizard
TRAIN,gs://bdccall2022bd/images/03370058aa1d1ced.jpg,Lizard
TRAIN,gs://bdccall2022bd/images/043d8fd4001ffca9.jpg,Lizard
TRAIN,gs://bdccall2022bd/images/0446927cb5f3e6fd.jpg,Lizard
TRAIN,gs://bdccall2022bd/images/06a6ce6ec5b2724b.jpg,Lizard
TRAIN,gs://bdccall2022bd/images/06adb7e02e058a2e.jpg,Lizard
TRAIN,gs://bdccall2022bd/images/075a41768b55fc6d.jpg,Lizard
TRAIN,gs://bdccall2022bd/images/07b38472c737cfd0.jpg,Lizard
TRAIN,gs://bdccall2022bd/images/08190d15e1d6d695.jpg,Lizard
TRAIN,gs://bdccall2022bd/images/08dc0de88f95ccfc.jpg,Lizard
TRAIN,gs://bdccall2022bd/images/09d068cb1caded1d.jpg,Lizard
TRAIN,gs://bdccall2022bd/images/0a38dff25243cb94.jpg,Lizard
TRAIN,gs://bdccall2022bd/images/0a81990b49b6d7b6.jpg,Lizard
TRAIN,gs://bdccall2022bd/images/0b7a27de22397643.jpg,Lizard
TRAIN,gs://bdccall2022bd/images/0bdb7bdd6ca4f983.jpg,Lizard
TRAIN,gs://bdccall2022bd/images/0cb2bf13a8219a02.jpg,Lizard
TRAIN,gs://bdccall2022bd/images/0d9ebb4a5b2b4429.jpg,Lizard
TRAIN,gs://bdccall2022bd/images/0ddc1e6cc5addd67.jpg,Lizard
TRAIN,gs://bdccall2022bd/images/0df00916435c3a47.jpg,Lizard
TRAIN,gs://bdccall2022bd/images/0fadee7155199581.jpg,Lizard
TRAIN,gs://bdccall2022bd/images/110cd2400b7d13d7.jpg,Lizard
TRAIN,gs://bdccall2022bd/images/13913a1010a38f30.jpg,Lizard
TRAIN,gs://bdccall2022bd/images/1461593063b5631d.jpg,Lizard
TRAIN,gs://bdccall2022bd/images/14793250e31867f3.jpg,Lizard
TRAIN,gs://bdccall2022bd/images/147941e15f0b3d14.jpg,Lizard
TRAIN,gs://bdccall2022bd/images/149a8d56fc1bc9ed.jpg,Lizard
TRAIN,gs://bdccall2022bd/images/1571768f086b1eea.jpg,Lizard
TRAIN,gs://bdccall2022bd/images/15b9363e46d70584.jpg,Lizard
TRAIN,gs://bdccall2022bd/images/1632c4f5e5663616.jpg,Lizard
TRAIN,gs://bdccall2022bd/images/1739f0bad537e75c.jpg,Lizard
TRAIN,gs://bdccall2022bd/images/175f7a7f62803a1a.jpg,Lizard
TRAIN,gs://bdccall2022bd/images/1788ac55f96cebb2.jpg,Lizard
TRAIN,gs://bdccall2022bd/images/17a5b99be5ae9bf0.jpg,Lizard
TRAIN,gs://bdccall2022bd/images/17d602988ee3a631.jpg,Lizard
TRAIN,gs://bdccall2022bd/images/17efc002c49c6da1.jpg,Lizard
TRAIN,gs://bdccall2022bd/images/18edfd2eff60217a.jpg,Lizard
TRAIN,gs://bdccall2022bd/images/19387757d5d7d04b.jpg,Lizard
TRAIN,gs://bdccall2022bd/images/196489de46bc6431.jpg,Lizard
TRAIN,gs://bdccall2022bd/images/1bc85ab5c8284cc2.jpg,Lizard
TRAIN,gs://bdccall2022bd/images/1bf0a18dbf3408a8.jpg,Lizard
TRAIN,gs://bdccall2022bd/images/1dcf37ffd5ec1842.jpg,Lizard
TRAIN,gs://bdccall2022bd/images/1e5d358ae59daf2b.jpg,Lizard
TRAIN,gs://bdccall2022bd/images/1e6bc8bd4e4b6dc0.jpg,Lizard
TRAIN,gs://bdccall2022bd/images/1ebc7d046286b3d1.jpg,Lizard
TRAIN,gs://bdccall2022bd/images/1fbdcfcb723efb54.jpg,Lizard
TRAIN,gs://bdccall2022bd/images/20e6b6077a95a36a.jpg,Lizard
TRAIN,gs://bdccall2022bd/images/22968740ea849809.jpg,Lizard
TRAIN,gs://bdccall2022bd/images/239ab11a1cfe19a4.jpg,Lizard
TRAIN,gs://bdccall2022bd/images/2411fc04e8df6a11.jpg,Lizard
TRAIN,gs://bdccall2022bd/images/241e352973d2a8bf.jpg,Lizard
TRAIN,gs://bdccall2022bd/images/25b0f7419320a4d2.jpg,Lizard
TRAIN,gs://bdccall2022bd/images/266356c78c3e2197.jpg,Lizard
TRAIN,gs://bdccall2022bd/images/27c9cc113b4af4a8.jpg,Lizard
TRAIN,gs://bdccall2022bd/images/280876b5da4c2421.jpg,Lizard
TRAIN,gs://bdccall2022bd/images/28bc96627be030ff.jpg,Lizard
TRAIN,gs://bdccall2022bd/images/2926bb88e30fbda2.jpg,Lizard
TRAIN,gs://bdccall2022bd/images/2965824a31666a7e.jpg,Lizard
TRAIN,gs://bdccall2022bd/images/2b4c16d3405ad16a.jpg,Lizard
TRAIN,gs://bdccall2022bd/images/2c978b1912a52880.jpg,Lizard
TRAIN,gs://bdccall2022bd/images/2d9b30dbbd1d45a1.jpg,Lizard
TRAIN,gs://bdccall2022bd/images/304dd64012197b39.jpg,Lizard
TRAIN,gs://bdccall2022bd/images/3222245684f73207.jpg,Lizard
TRAIN,gs://bdccall2022bd/images/3229b81b2193d069.jpg,Lizard
TRAIN,gs://bdccall2022bd/images/327a3b672986f047.jpg,Lizard
TRAIN,gs://bdccall2022bd/images/33898ee208035f68.jpg,Lizard
TRAIN,gs://bdccall2022bd/images/339af7ca084783b7.jpg,Lizard
TRAIN,gs://bdccall2022bd/images/344fc03e1615b1cb.jpg,Lizard
TRAIN,gs://bdccall2022bd/images/34c111a3e3d029d9.jpg,Lizard
TRAIN,gs://bdccall2022bd/images/359072742b2fcad5.jpg,Lizard
TRAIN,gs://bdccall2022bd/images/379c65a65747e8d4.jpg,Lizard
TRAIN,gs://bdccall2022bd/images/37bb0af19ffec5c7.jpg,Lizard
TRAIN,gs://bdccall2022bd/images/3806811367ff68d6.jpg,Lizard
TRAIN,gs://bdccall2022bd/images/3882d04d74843f37.jpg,Lizard
TRAIN,gs://bdccall2022bd/images/3b3006dc6f72f9dc.jpg,Lizard
TRAIN,gs://bdccall2022bd/images/3b690f63e74cb161.jpg,Lizard
TRAIN,gs://bdccall2022bd/images/3d3b2a05e766be9f.jpg,Lizard
TRAIN,gs://bdccall2022bd/images/3d617d0415a96590.jpg,Lizard
VALIDATION,gs://bdccall2022bd/images/3e357afa071ee4db.jpg,Lizard
VALIDATION,gs://bdccall2022bd/images/4139655932505e0a.jpg,Lizard
VALIDATION,gs://bdccall2022bd/images/422617861cbade39.jpg,Lizard
VALIDATION,gs://bdccall2022bd/images/42936873d7e8ebd9.jpg,Lizard
VALIDATION,gs://bdccall2022bd/images/429724a29c51f9f8.jpg,Lizard
VALIDATION,gs://bdccall2022bd/images/42b9bfa409ce6ed5.jpg,Lizard
VALIDATION,gs://bdccall2022bd/images/432629394d40e315.jpg,Lizard
VALIDATION,gs://bdccall2022bd/images/440103fce5d95f00.jpg,Lizard
VALIDATION,gs://bdccall2022bd/images/4468b40b69625dce.jpg,Lizard
VALIDATION,gs://bdccall2022bd/images/47559f521a8910fa.jpg,Lizard
TEST,gs://bdccall2022bd/images/47b4288c1e5a6bcf.jpg,Lizard
TEST,gs://bdccall2022bd/images/48ae0ba2c55f2b1c.jpg,Lizard
TEST,gs://bdccall2022bd/images/48e1af119f878356.jpg,Lizard
TEST,gs://bdccall2022bd/images/4a2e5077e8551fbe.jpg,Lizard
TEST,gs://bdccall2022bd/images/4b9cd6e94f5e9bb5.jpg,Lizard
TEST,gs://bdccall2022bd/images/4bf5ff26d5b8cef3.jpg,Lizard
TEST,gs://bdccall2022bd/images/4c1ff90dea31e9d7.jpg,Lizard
TEST,gs://bdccall2022bd/images/4c2f2d788d43f1cf.jpg,Lizard
TEST,gs://bdccall2022bd/images/4c42b5948b15922b.jpg,Lizard
TEST,gs://bdccall2022bd/images/4ce5b5974ec869f8.jpg,Lizard
TRAIN,gs://bdccall2022bd/images/00c64e1acd3a586b.jpg,Snake
TRAIN,gs://bdccall2022bd/images/01ca1add8d9f3338.jpg,Snake
TRAIN,gs://bdccall2022bd/images/05345cabb6a8c12f.jpg,Snake
TRAIN,gs://bdccall2022bd/images/06dbd3f4f59bd495.jpg,Snake
TRAIN,gs://bdccall2022bd/images/08be1b157f5982f9.jpg,Snake
TRAIN,gs://bdccall2022bd/images/0ac0323383dd6611.jpg,Snake
TRAIN,gs://bdccall2022bd/images/0ae2888ec25ba342.jpg,Snake
TRAIN,gs://bdccall2022bd/images/0bb61915282231e2.jpg,Snake
TRAIN,gs://bdccall2022bd/images/0c2a57b94489ddcd.jpg,Snake
TRAIN,gs://bdccall2022bd/images/0c3e0316409f1565.jpg,Snake
TRAIN,gs://bdccall2022bd/images/0d02fff427c106f7.jpg,Snake
TRAIN,gs://bdccall2022bd/images/0d2c5b1589550b25.jpg,Snake
TRAIN,gs://bdccall2022bd/images/0d95de414d78b220.jpg,Snake
TRAIN,gs://bdccall2022bd/images/0e707f5205a18253.jpg,Snake
TRAIN,gs://bdccall2022bd/images/0ef30cd6bbf348fc.jpg,Snake
TRAIN,gs://bdccall2022bd/images/1144357227d92d7a.jpg,Snake
TRAIN,gs://bdccall2022bd/images/13aaf4003bdfa89d.jpg,Snake
TRAIN,gs://bdccall2022bd/images/13cac3caeb8915d8.jpg,Snake
TRAIN,gs://bdccall2022bd/images/162f5cd16f96c478.jpg,Snake
TRAIN,gs://bdccall2022bd/images/1703fd7cba20c956.jpg,Snake
TRAIN,gs://bdccall2022bd/images/17313d091d17976a.jpg,Snake
TRAIN,gs://bdccall2022bd/images/17c0feb1d5a00d1a.jpg,Snake
TRAIN,gs://bdccall2022bd/images/18094636c2d7542c.jpg,Snake
TRAIN,gs://bdccall2022bd/images/1823321103dde8fc.jpg,Snake
TRAIN,gs://bdccall2022bd/images/1a744d32b746c848.jpg,Snake
TRAIN,gs://bdccall2022bd/images/1b642ac517ab10b5.jpg,Snake
TRAIN,gs://bdccall2022bd/images/1c48e607b2107a3c.jpg,Snake
TRAIN,gs://bdccall2022bd/images/1c6b578ed548a788.jpg,Snake
TRAIN,gs://bdccall2022bd/images/1ee3066a476fb619.jpg,Snake
TRAIN,gs://bdccall2022bd/images/203e207615af212f.jpg,Snake
TRAIN,gs://bdccall2022bd/images/2337210fa8b0397e.jpg,Snake
TRAIN,gs://bdccall2022bd/images/2472a5a2b30f68ac.jpg,Snake
TRAIN,gs://bdccall2022bd/images/24bacf68bd8feb11.jpg,Snake
TRAIN,gs://bdccall2022bd/images/25cfe36c5346410a.jpg,Snake
TRAIN,gs://bdccall2022bd/images/268ffc5aa4a17a4f.jpg,Snake
TRAIN,gs://bdccall2022bd/images/272b78187d758d0e.jpg,Snake
TRAIN,gs://bdccall2022bd/images/289ae09e2fea0a09.jpg,Snake
TRAIN,gs://bdccall2022bd/images/292d44781f122ca0.jpg,Snake
TRAIN,gs://bdccall2022bd/images/296cd91a10d4fa12.jpg,Snake
TRAIN,gs://bdccall2022bd/images/29ab07bcabb98c99.jpg,Snake
TRAIN,gs://bdccall2022bd/images/2bccc1f7aeb5ca92.jpg,Snake
TRAIN,gs://bdccall2022bd/images/2d1f194ffe483ab1.jpg,Snake
TRAIN,gs://bdccall2022bd/images/2d394caf550b8c75.jpg,Snake
TRAIN,gs://bdccall2022bd/images/2db13583339ce2b5.jpg,Snake
TRAIN,gs://bdccall2022bd/images/2ed662b4d320061a.jpg,Snake
TRAIN,gs://bdccall2022bd/images/2fbb321b6f378149.jpg,Snake
TRAIN,gs://bdccall2022bd/images/2fc1ca3d9751c048.jpg,Snake
TRAIN,gs://bdccall2022bd/images/302dcc08947e8b09.jpg,Snake
TRAIN,gs://bdccall2022bd/images/303ec2ee922365b6.jpg,Snake
TRAIN,gs://bdccall2022bd/images/305399814fc5ddb0.jpg,Snake
TRAIN,gs://bdccall2022bd/images/314e9085c3ff5613.jpg,Snake
TRAIN,gs://bdccall2022bd/images/31c291da11976123.jpg,Snake
TRAIN,gs://bdccall2022bd/images/335ac4b48d0bd74b.jpg,Snake
TRAIN,gs://bdccall2022bd/images/368e26b0a14adc0e.jpg,Snake
TRAIN,gs://bdccall2022bd/images/3692da33dbc79bfc.jpg,Snake
TRAIN,gs://bdccall2022bd/images/36ea3a8b9c54f9de.jpg,Snake
TRAIN,gs://bdccall2022bd/images/376fbc2b28733a1d.jpg,Snake
TRAIN,gs://bdccall2022bd/images/37c98b8409ef5ee6.jpg,Snake
TRAIN,gs://bdccall2022bd/images/39224d0d713cb866.jpg,Snake
TRAIN,gs://bdccall2022bd/images/392ab53d5dca470a.jpg,Snake
TRAIN,gs://bdccall2022bd/images/3956f5061d00d80d.jpg,Snake
TRAIN,gs://bdccall2022bd/images/3a6a0368ccfbcc53.jpg,Snake
TRAIN,gs://bdccall2022bd/images/3b727441da9834b4.jpg,Snake
TRAIN,gs://bdccall2022bd/images/3b85e1c7a7320c1d.jpg,Snake
TRAIN,gs://bdccall2022bd/images/3c8fa3b5e2e8bb02.jpg,Snake
TRAIN,gs://bdccall2022bd/images/3d0700a5632a9f39.jpg,Snake
TRAIN,gs://bdccall2022bd/images/3dc319b793a0d43d.jpg,Snake
TRAIN,gs://bdccall2022bd/images/3ee1b0da78f43975.jpg,Snake
TRAIN,gs://bdccall2022bd/images/3f2283b1beb6ca60.jpg,Snake
TRAIN,gs://bdccall2022bd/images/401805c63cb32ba3.jpg,Snake
TRAIN,gs://bdccall2022bd/images/40189859e760fe3a.jpg,Snake
TRAIN,gs://bdccall2022bd/images/40addd98fa8e6f39.jpg,Snake
TRAIN,gs://bdccall2022bd/images/4321acb8be83308e.jpg,Snake
TRAIN,gs://bdccall2022bd/images/432218a6182f5111.jpg,Snake
TRAIN,gs://bdccall2022bd/images/43b2197799a1d59f.jpg,Snake
TRAIN,gs://bdccall2022bd/images/44a4eed65a52d6d6.jpg,Snake
TRAIN,gs://bdccall2022bd/images/44b1676d0b6105ed.jpg,Snake
TRAIN,gs://bdccall2022bd/images/46e99093b5a6822b.jpg,Snake
TRAIN,gs://bdccall2022bd/images/4807e90086dee505.jpg,Snake
TRAIN,gs://bdccall2022bd/images/492590504c89b42f.jpg,Snake
VALIDATION,gs://bdccall2022bd/images/4952ab6b41b2816b.jpg,Snake
VALIDATION,gs://bdccall2022bd/images/4a7f3005309767dc.jpg,Snake
VALIDATION,gs://bdccall2022bd/images/4aa4866a2b469896.jpg,Snake
VALIDATION,gs://bdccall2022bd/images/502387522ac5e34c.jpg,Snake
VALIDATION,gs://bdccall2022bd/images/504467ea0029d820.jpg,Snake
VALIDATION,gs://bdccall2022bd/images/529f8f87a44f4136.jpg,Snake
VALIDATION,gs://bdccall2022bd/images/531ab3c0a13ceaa8.jpg,Snake
VALIDATION,gs://bdccall2022bd/images/54c8bed6b0b0af23.jpg,Snake
VALIDATION,gs://bdccall2022bd/images/57369851c89db0bc.jpg,Snake
VALIDATION,gs://bdccall2022bd/images/5751876d0222ff02.jpg,Snake
TEST,gs://bdccall2022bd/images/577638569201b670.jpg,Snake
TEST,gs://bdccall2022bd/images/57d8e4a298725869.jpg,Snake
TEST,gs://bdccall2022bd/images/58abb67ba32052bf.jpg,Snake
TEST,gs://bdccall2022bd/images/58fad8ae668b466b.jpg,Snake
TEST,gs://bdccall2022bd/images/5914ac34174e2d58.jpg,Snake
TEST,gs://bdccall2022bd/images/5932a24e197e1cb8.jpg,Snake
TEST,gs://bdccall2022bd/images/59555443eed28bf2.jpg,Snake
TEST,gs://bdccall2022bd/images/5a46a8c6bc4847e0.jpg,Snake
TEST,gs://bdccall2022bd/images/5aa61973bd62d025.jpg,Snake
TEST,gs://bdccall2022bd/images/5c43cf63624d7e81.jpg,Snake
TRAIN,gs://bdccall2022bd/images/000cf5859025877f.jpg,Spider
TRAIN,gs://bdccall2022bd/images/003cc40208f5abff.jpg,Spider
TRAIN,gs://bdccall2022bd/images/013908ead6313e68.jpg,Spider
TRAIN,gs://bdccall2022bd/images/0147886b3a949343.jpg,Spider
TRAIN,gs://bdccall2022bd/images/03151c1cc6a6d7e1.jpg,Spider
TRAIN,gs://bdccall2022bd/images/038a86cdd8b09dcd.jpg,Spider
TRAIN,gs://bdccall2022bd/images/048d6043d659b0de.jpg,Spider
TRAIN,gs://bdccall2022bd/images/0492b18d44d6680a.jpg,Spider
TRAIN,gs://bdccall2022bd/images/06665644cdd87b03.jpg,Spider
TRAIN,gs://bdccall2022bd/images/06f1d75cc0f21a20.jpg,Spider
TRAIN,gs://bdccall2022bd/images/075a1c04ffd19dae.jpg,Spider
TRAIN,gs://bdccall2022bd/images/0808bb2b3a4c4806.jpg,Spider
TRAIN,gs://bdccall2022bd/images/0864945094f5e6f2.jpg,Spider
TRAIN,gs://bdccall2022bd/images/08dccefc47c0b41d.jpg,Spider
TRAIN,gs://bdccall2022bd/images/092d1fcb6f2cca69.jpg,Spider
TRAIN,gs://bdccall2022bd/images/09f1acedd7de21fe.jpg,Spider
TRAIN,gs://bdccall2022bd/images/0a6c82232d2ca916.jpg,Spider
TRAIN,gs://bdccall2022bd/images/0a7ca7a959a8d536.jpg,Spider
TRAIN,gs://bdccall2022bd/images/0aeec418f212ef2c.jpg,Spider
TRAIN,gs://bdccall2022bd/images/0b2f80825b40c10a.jpg,Spider
TRAIN,gs://bdccall2022bd/images/0d801a3887bb3ed7.jpg,Spider
TRAIN,gs://bdccall2022bd/images/0d9bfd132c9713ef.jpg,Spider
TRAIN,gs://bdccall2022bd/images/0dd9ad8ad6ea549c.jpg,Spider
TRAIN,gs://bdccall2022bd/images/0f10ae6fe314c2dd.jpg,Spider
TRAIN,gs://bdccall2022bd/images/10ae438e597928f6.jpg,Spider
TRAIN,gs://bdccall2022bd/images/1359ef05ec5f96de.jpg,Spider
TRAIN,gs://bdccall2022bd/images/15216c464ecedf1a.jpg,Spider
TRAIN,gs://bdccall2022bd/images/1604b7e11612b4b0.jpg,Spider
TRAIN,gs://bdccall2022bd/images/1a5f9439263855d9.jpg,Spider
TRAIN,gs://bdccall2022bd/images/1b4cac62cc5a978f.jpg,Spider
TRAIN,gs://bdccall2022bd/images/1ce08f347f58bd3d.jpg,Spider
TRAIN,gs://bdccall2022bd/images/1d159178f4866bb4.jpg,Spider
TRAIN,gs://bdccall2022bd/images/1f6afc26ef5413c5.jpg,Spider
TRAIN,gs://bdccall2022bd/images/1f8487ef4e7934c0.jpg,Spider
TRAIN,gs://bdccall2022bd/images/209a7414a3eff0ad.jpg,Spider
TRAIN,gs://bdccall2022bd/images/2389878e316820e7.jpg,Spider
TRAIN,gs://bdccall2022bd/images/2522ff0b989e2011.jpg,Spider
TRAIN,gs://bdccall2022bd/images/26eef7291d4ecc3f.jpg,Spider
TRAIN,gs://bdccall2022bd/images/27d58a52d226cbde.jpg,Spider
TRAIN,gs://bdccall2022bd/images/293a9a08e3647a22.jpg,Spider
TRAIN,gs://bdccall2022bd/images/2a056b7f83a8a995.jpg,Spider
TRAIN,gs://bdccall2022bd/images/2ac84de82ec38128.jpg,Spider
TRAIN,gs://bdccall2022bd/images/2c8fca931f78ae4c.jpg,Spider
TRAIN,gs://bdccall2022bd/images/2dc14280d962e327.jpg,Spider
TRAIN,gs://bdccall2022bd/images/2e5744f7805dea81.jpg,Spider
TRAIN,gs://bdccall2022bd/images/2e5b1a58c8da708a.jpg,Spider
TRAIN,gs://bdccall2022bd/images/2f6bc7764eafa8ef.jpg,Spider
TRAIN,gs://bdccall2022bd/images/2f7e046fe595dc5c.jpg,Spider
TRAIN,gs://bdccall2022bd/images/3091580b995ff595.jpg,Spider
TRAIN,gs://bdccall2022bd/images/325660774cdd0c68.jpg,Spider
TRAIN,gs://bdccall2022bd/images/332f38fdd0b0b55f.jpg,Spider
TRAIN,gs://bdccall2022bd/images/33afc331732aa69c.jpg,Spider
TRAIN,gs://bdccall2022bd/images/347221a32e893e8e.jpg,Spider
TRAIN,gs://bdccall2022bd/images/36d28a2fa1bd3223.jpg,Spider
TRAIN,gs://bdccall2022bd/images/37a26644c8ec10c4.jpg,Spider
TRAIN,gs://bdccall2022bd/images/391dcfbdce1648a0.jpg,Spider
TRAIN,gs://bdccall2022bd/images/39dd87e00183ab3d.jpg,Spider
TRAIN,gs://bdccall2022bd/images/3a4db2ff67d6ad20.jpg,Spider
TRAIN,gs://bdccall2022bd/images/3babe18a47396a3e.jpg,Spider
TRAIN,gs://bdccall2022bd/images/3c4eb718d21251e9.jpg,Spider
TRAIN,gs://bdccall2022bd/images/3c6223b543dd3a29.jpg,Spider
TRAIN,gs://bdccall2022bd/images/3cb639ea309aa04e.jpg,Spider
TRAIN,gs://bdccall2022bd/images/3d74ffd695baa6b3.jpg,Spider
TRAIN,gs://bdccall2022bd/images/3e344a30ff53e37f.jpg,Spider
TRAIN,gs://bdccall2022bd/images/40d9e696988d18f0.jpg,Spider
TRAIN,gs://bdccall2022bd/images/4450a8445a60dda8.jpg,Spider
TRAIN,gs://bdccall2022bd/images/44c1be6c12629828.jpg,Spider
TRAIN,gs://bdccall2022bd/images/461721567b02ecb0.jpg,Spider
TRAIN,gs://bdccall2022bd/images/4772f99fab32b7ae.jpg,Spider
TRAIN,gs://bdccall2022bd/images/47cd7fa3ef6f249e.jpg,Spider
TRAIN,gs://bdccall2022bd/images/488aa8f88363ee14.jpg,Spider
TRAIN,gs://bdccall2022bd/images/4c2382f351d885bc.jpg,Spider
TRAIN,gs://bdccall2022bd/images/4c9770d8e47923f7.jpg,Spider
TRAIN,gs://bdccall2022bd/images/4cb37e2142dd0f64.jpg,Spider
TRAIN,gs://bdccall2022bd/images/4d1ef73cf1c31621.jpg,Spider
TRAIN,gs://bdccall2022bd/images/4e03f0bd7fb944d1.jpg,Spider
TRAIN,gs://bdccall2022bd/images/4f18c7010cc3f63a.jpg,Spider
TRAIN,gs://bdccall2022bd/images/5002256231a6425e.jpg,Spider
TRAIN,gs://bdccall2022bd/images/50326bca2476148c.jpg,Spider
TRAIN,gs://bdccall2022bd/images/5176cca60e245e3a.jpg,Spider
VALIDATION,gs://bdccall2022bd/images/51b76f0a290b1e46.jpg,Spider
VALIDATION,gs://bdccall2022bd/images/525d96de125ddcd4.jpg,Spider
VALIDATION,gs://bdccall2022bd/images/52b7efa51db8a13a.jpg,Spider
VALIDATION,gs://bdccall2022bd/images/530e63ed6ca61a02.jpg,Spider
VALIDATION,gs://bdccall2022bd/images/54f049c072de2e0f.jpg,Spider
VALIDATION,gs://bdccall2022bd/images/54fd9ab7e68870e3.jpg,Spider
VALIDATION,gs://bdccall2022bd/images/574343e171cb4347.jpg,Spider
VALIDATION,gs://bdccall2022bd/images/57b028e15cd795e2.jpg,Spider
VALIDATION,gs://bdccall2022bd/images/58579ac4bd80a19f.jpg,Spider
VALIDATION,gs://bdccall2022bd/images/58e2f6ed5c9b366a.jpg,Spider
TEST,gs://bdccall2022bd/images/59523cdee4cfcfaa.jpg,Spider
TEST,gs://bdccall2022bd/images/5b464bf6516cccfe.jpg,Spider
TEST,gs://bdccall2022bd/images/5b9b0b60d04aae25.jpg,Spider
TEST,gs://bdccall2022bd/images/5ba4cac7365da894.jpg,Spider
TEST,gs://bdccall2022bd/images/5c9443ecc6fd7aaf.jpg,Spider
TEST,gs://bdccall2022bd/images/5e073882386413ef.jpg,Spider
TEST,gs://bdccall2022bd/images/6009239f956e9e72.jpg,Spider
TEST,gs://bdccall2022bd/images/6025dcd7ae98ae38.jpg,Spider
TEST,gs://bdccall2022bd/images/6260df2ad0b1b37e.jpg,Spider
TEST,gs://bdccall2022bd/images/6496f80282bbff28.jpg,Spider
